id,name,brand,price,created
1,intranet,Bogisich Inc,7864,2008-04-25T10:30:32Z
2,analyzing,"Erdman, Hermann and Smitham",2917,2019-03-21T13:55:56Z
3,Down-sized,"Stamm, Champlin and Bernier",3145,2004-09-18T23:33:03Z
4,paradigm,O'Hara LLC,7685,2012-09-07T14:08:38Z
5,initiative,Heidenreich Inc,51,2017-07-07T14:09:40Z
6,actuating,"Cole, Ward and Satterfield",4788,2005-07-23T13:37:27Z
7,utilisation,"Flatley, Volkman and Jacobson",2719,2006-11-12T07:53:19Z
8,Optimized,Prohaska LLC,5504,2006-12-06T01:42:40Z
9,Phased,"Kshlerin, Christiansen and Reynolds",7267,2003-07-27T21:49:48Z
10,client-driven,"Schneider, Harber and Rowe",7048,2012-09-02T10:49:09Z
11,fault-tolerant,"Kozey, Pagac and Schowalter",5947,2015-10-21T23:18:06Z
12,policy,Berge LLC,5712,2003-05-05T06:32:25Z
13,interactive,Stoltenberg-Vandervort,4736,2015-11-27T15:56:33Z
14,utilisation,Weissnat Inc,9027,2017-02-18T13:12:39Z
15,well-modulated,Gutmann Inc,4424,2015-04-24T11:35:49Z
16,object-oriented,Lemke Inc,7462,2013-10-18T00:54:40Z
17,time-frame,Ritchie LLC,7723,2007-08-31T06:12:56Z
18,function,Marquardt-Bahringer,4679,2011-07-11T20:03:59Z
19,responsive,Jacobi-Heller,7214,2001-12-17T17:37:22Z
20,heuristic,Bergstrom-Quigley,6131,2014-11-22T13:20:55Z
21,Persevering,Hermann-Tremblay,2394,2003-06-10T02:19:22Z
22,value-added,"Brekke, Doyle and Olson",556,2016-08-09T08:43:04Z
23,Function-based,Heaney Inc,7197,2007-09-27T15:19:12Z
24,object-oriented,Cummings-Kozey,1319,2009-12-05T10:00:42Z
25,Front-line,"Schmeler, Rolfson and Hirthe",6514,1999-10-18T10:10:05Z
26,intermediate,"Gottlieb, Crist and Goldner",5492,2020-03-13T16:46:43Z
27,upward-trending,Grady-Walker,7257,2014-12-23T21:58:28Z
28,Ameliorated,Schultz Inc,5584,2011-12-18T07:13:02Z
29,transitional,"Sipes, Pouros and Brakus",128,2010-04-13T22:44:41Z
30,homogeneous,Breitenberg-Schumm,9043,2016-05-08T04:16:33Z
31,Right-sized,"Nolan, Baumbach and Hirthe",1084,2002-03-26T02:34:05Z
32,zero tolerance,"Herzog, Hoppe and Nikolaus",4348,2013-01-21T09:32:46Z
33,systemic,Lind Inc,3154,2018-11-27T05:24:13Z
34,encryption,Purdy-Cronin,268,2000-11-14T05:36:27Z
35,alliance,"Hilll, Klocko and Considine",7177,2005-09-15T07:47:14Z
36,Enhanced,Ratke and Sons,4484,2005-08-19T10:46:43Z
37,4th generation,"Mertz, Bartell and West",6641,2004-06-16T20:25:33Z
38,static,"Gottlieb, Hilll and Pfannerstill",8117,2004-12-12T09:27:50Z
39,Distributed,O'Kon-Moen,142,2006-03-06T19:56:08Z
40,function,Conn-Hilll,606,2018-05-17T00:06:21Z
41,firmware,Rolfson-Dibbert,9598,2005-03-14T01:40:59Z
42,Innovative,"Cremin, Glover and Barrows",8078,2016-06-17T10:27:09Z
43,capacity,"Baumbach, Cummings and Dicki",559,2020-05-05T10:25:51Z
44,product,Pouros-Ritchie,8667,2007-12-12T11:09:32Z
45,protocol,Fritsch-Gutmann,8166,2008-06-04T16:22:38Z
46,regional,Mitchell-Rath,3560,2004-07-25T19:06:23Z
47,Function-based,Wisoky-Feest,502,2011-10-08T03:46:27Z
48,architecture,"Oberbrunner, Donnelly and Greenfelder",46,2003-12-26T12:51:13Z
49,Networked,"McCullough, Howell and Beahan",9500,2017-08-18T20:09:52Z
50,info-mediaries,"Dooley, Hahn and Nitzsche",6847,2009-04-18T13:53:05Z
51,protocol,Jaskolski-Cremin,5483,2005-06-30T04:33:04Z
52,transitional,Glover and Sons,5,2011-04-18T16:59:44Z
53,Networked,Bayer and Sons,8308,2000-01-26T09:49:38Z
54,Right-sized,Ruecker and Sons,5395,2019-03-31T02:53:06Z
55,Intuitive,"Johns, Lang and Rice",757,2020-10-13T17:56:38Z
56,even-keeled,"Kessler, Schuppe and Green",4027,2005-04-08T10:41:49Z
57,help-desk,"Upton, Boyle and Casper",1614,2016-03-08T22:48:39Z
58,Re-engineered,Wilkinson-Mohr,5057,2020-02-22T10:47:43Z
59,hybrid,"Toy, Bahringer and Vandervort",9198,2020-12-28T12:05:11Z
60,Integrated,Spencer-Wehner,4027,2016-08-17T10:41:46Z
61,Digitized,"Beier, Schiller and Dare",4644,2008-09-25T17:39:29Z
62,impactful,Padberg-Reichert,3413,2013-11-18T10:02:31Z
63,parallelism,Glover and Sons,4110,2002-04-29T06:26:59Z
64,Synchronised,Lemke Group,3994,2008-06-10T05:26:13Z
65,neural-net,Hansen Inc,7402,2006-12-11T22:02:13Z
66,Persistent,"Connelly, Stamm and Weimann",4613,2007-01-22T02:14:16Z
67,coherent,Pacocha-McDermott,811,2010-02-22T20:11:54Z
68,Quality-focused,VonRueden-Lesch,9594,2009-10-12T09:34:54Z
69,modular,Windler-Kassulke,7101,2012-07-25T05:20:02Z
70,Cloned,Haag-Bergstrom,2569,2020-11-09T11:35:42Z
71,moratorium,"Schumm, Koch and Fay",1502,2017-03-08T23:24:29Z
72,Stand-alone,Buckridge LLC,2933,2011-12-02T10:00:55Z
73,grid-enabled,"Konopelski, Boyle and Smith",6676,2014-01-13T14:54:50Z
74,Right-sized,"Wiza, Haag and Hand",7706,2019-05-06T09:00:09Z
75,Enterprise-wide,"Hegmann, Gottlieb and Aufderhar",7053,2015-07-20T06:56:58Z
76,emulation,Paucek Inc,1736,1999-06-24T13:11:51Z
77,Business-focused,Roob-Zulauf,5755,2020-06-02T10:34:41Z
78,archive,Keebler-O'Reilly,8575,2012-05-19T07:51:29Z
79,User-centric,"Marquardt, Kunze and Hackett",5744,2014-09-05T17:24:44Z
80,Persevering,Effertz-Aufderhar,9451,2002-01-10T08:11:50Z
81,homogeneous,"Corwin, Schroeder and Hoeger",1769,2007-06-05T10:56:19Z
82,Graphical User Interface,Connelly Inc,5524,2015-04-13T18:50:28Z
83,Organized,Harris Group,8607,2010-07-29T06:51:25Z
84,optimizing,Luettgen Group,8374,2008-08-20T06:05:50Z
85,application,Little Inc,5264,2008-09-01T00:39:53Z
86,workforce,Hackett Group,1506,2016-12-24T09:30:11Z
87,User-centric,"Grady, Gerhold and Weissnat",5911,1999-11-07T10:02:32Z
88,next generation,Steuber Group,2853,2016-01-20T15:42:19Z
89,next generation,Hansen LLC,9909,2000-02-02T15:06:24Z
90,open architecture,Crooks-Schroeder,113,2009-12-14T03:11:25Z
91,application,"Quitzon, Swaniawski and Rippin",2585,2005-05-05T15:20:25Z
92,Organized,Wolff Inc,105,2014-07-07T13:58:00Z
93,responsive,Leannon-MacGyver,7845,2017-03-27T18:22:08Z
94,Decentralized,Emmerich-Koch,6739,2016-08-18T15:43:29Z
95,high-level,Marquardt Group,5699,2016-05-01T21:56:32Z
96,help-desk,Hilll-Sauer,1772,2000-12-27T00:57:16Z
97,application,"Turcotte, Maggio and Heaney",2161,2019-09-07T07:47:25Z
98,Seamless,Steuber Group,7030,1999-12-05T17:01:12Z
99,explicit,Kerluke and Sons,4405,2006-01-31T14:06:14Z
100,actuating,"Rippin, Mraz and Strosin",6467,2005-04-09T09:20:14Z
101,analyzing,Wolf-Runolfsson,8524,2010-11-30T18:10:40Z
102,methodology,Abbott-Farrell,3430,2019-05-12T23:59:16Z
103,logistical,Sanford-Wuckert,1091,2007-03-19T14:19:34Z
104,emulation,"VonRueden, Borer and Greenfelder",3347,2020-09-30T12:25:59Z
105,ability,Gottlieb-Kling,6823,2008-06-22T18:19:44Z
106,architecture,"Deckow, Bergnaum and Legros",1250,2001-08-12T20:32:51Z
107,algorithm,Connelly Group,3556,2017-10-14T16:25:03Z
108,Fundamental,"Daniel, Cronin and Christiansen",7508,2007-03-21T06:39:20Z
109,Upgradable,Bosco Group,7418,2012-02-27T03:34:40Z
110,parallelism,Gusikowski-Botsford,8160,2018-09-27T18:55:40Z
111,task-force,"Rohan, Heaney and West",7382,2018-02-17T15:17:28Z
112,Integrated,"Hudson, Prohaska and Marvin",1901,2018-04-18T03:12:29Z
113,Ameliorated,Conn-Waters,5174,2018-04-29T22:48:29Z
114,asymmetric,Herman Inc,5438,2011-07-21T23:08:47Z
115,installation,"Jones, Goldner and Champlin",3188,2001-12-15T12:42:51Z
116,transitional,Cummings Inc,8083,2005-06-10T23:58:16Z
117,throughput,"Moore, Heller and Russel",7332,2019-04-19T00:57:25Z
118,focus group,Hickle Inc,3035,2012-06-30T17:52:03Z
119,Monitored,"Brekke, Collier and Stracke",539,2017-09-02T11:33:33Z
120,high-level,Hagenes Group,672,2001-10-11T06:44:39Z
121,Virtual,Jacobs and Sons,4616,2003-04-04T04:38:31Z
122,regional,Harber-Eichmann,3421,2013-02-11T21:28:34Z
123,leading edge,Collins-Yost,4490,2014-01-26T23:23:49Z
124,Customizable,"Hettinger, Brakus and Schroeder",3931,2005-04-26T20:00:11Z
125,matrix,"Senger, Kuhic and Lakin",2564,2003-09-10T21:57:18Z
126,intangible,"Anderson, Altenwerth and Daugherty",3146,2013-01-24T17:47:13Z
127,Secured,"Rice, Goyette and Boyer",5731,2020-01-30T03:26:56Z
128,access,O'Reilly-Hayes,8608,2020-09-28T15:43:33Z
129,attitude,Willms Inc,7364,2020-08-14T11:44:46Z
130,core,"Jakubowski, Considine and Lesch",5425,2021-02-22T22:13:35Z
131,array,Kerluke and Sons,4512,2014-01-16T05:44:01Z
132,mobile,Heller Group,1059,2016-10-01T17:50:32Z
133,Sharable,Shanahan-Keeling,9419,2010-05-04T21:16:37Z
134,Optimized,Bruen-Pacocha,1571,2019-11-25T12:45:55Z
135,responsive,"Labadie, Block and Gerlach",243,2015-03-04T08:30:37Z
136,zero defect,Keebler-Hilll,2717,2012-09-15T03:19:17Z
137,superstructure,Wintheiser LLC,9470,2015-09-28T11:24:25Z
138,capacity,Parisian-Batz,5760,1999-07-08T05:09:28Z
139,Ameliorated,"Erdman, Schumm and Murphy",4868,2015-02-12T11:55:22Z
140,modular,Langosh and Sons,9171,2017-04-25T20:09:24Z
141,24/7,"Rippin, O'Kon and Jacobi",841,2006-02-16T07:19:35Z
142,empowering,"Metz, Keebler and Heathcote",3728,2006-07-21T08:18:48Z
143,Optional,Sipes-Wisoky,1384,2006-03-27T02:50:49Z
144,archive,Walsh-Reichert,2602,2013-12-19T12:02:53Z
145,bifurcated,"Feil, Mayert and Schiller",4099,2000-02-27T20:36:15Z
146,modular,Ullrich Inc,4808,2003-11-03T16:04:28Z
147,Multi-tiered,"Fahey, Goldner and Quigley",1556,2009-03-21T13:59:41Z
148,global,Watsica Inc,2228,2015-11-10T16:17:33Z
149,stable,Goldner-Rath,806,2004-03-16T16:11:49Z
150,flexibility,Kilback-Braun,6274,2009-08-04T15:49:05Z
151,Networked,Dickens LLC,8247,2017-09-16T11:07:24Z
152,collaboration,Lowe-Langworth,9428,2004-03-07T04:52:54Z
153,time-frame,"Shields, Wintheiser and Leffler",6271,2002-06-23T00:59:17Z
154,User-centric,Jaskolski-Abshire,5214,2000-07-04T04:41:00Z
155,hub,"Kiehn, Harber and Ziemann",8439,2002-02-18T00:45:27Z
156,next generation,"Turner, Rogahn and Towne",5178,2013-03-12T03:18:47Z
157,Business-focused,"Turner, Lesch and Okuneva",157,2000-05-29T09:50:02Z
158,optimal,Schowalter-Greenfelder,6514,2015-09-15T06:37:10Z
159,5th generation,Reynolds and Sons,5773,2018-05-31T03:19:36Z
160,interface,Klocko Group,9008,2019-04-22T04:08:22Z
161,demand-driven,Kertzmann-Collier,9836,1999-11-25T16:15:05Z
162,Operative,Sauer-Dietrich,7117,2005-11-28T15:50:55Z
163,stable,Hahn-Yundt,4510,2013-08-16T22:25:46Z
164,zero administration,"Kertzmann, Ledner and O'Conner",1227,2011-05-02T20:27:18Z
165,national,Purdy LLC,1034,2002-10-12T01:07:57Z
166,groupware,Bins-Denesik,3708,2019-03-21T14:59:52Z
167,fresh-thinking,Hammes-Ortiz,376,1999-07-22T19:48:39Z
168,didactic,Kutch LLC,119,2003-09-10T14:54:11Z
169,intermediate,"Abernathy, Fay and Baumbach",4565,2019-06-18T15:16:05Z
170,intranet,"Gleichner, Lueilwitz and Schowalter",8151,2010-11-08T00:25:25Z
171,protocol,Barton-Boyer,4665,2001-12-27T07:37:28Z
172,discrete,"Bogan, Schowalter and Von",286,2016-05-10T13:39:46Z
173,optimizing,Kuhn Group,9466,2020-08-18T00:07:02Z
174,firmware,Lowe Inc,7589,2007-05-30T22:37:55Z
175,Up-sized,"Crist, Mante and Kemmer",9532,2014-05-27T15:42:24Z
176,implementation,Willms Group,1838,2021-03-06T09:52:56Z
177,content-based,Jacobi-Torp,3991,2007-04-23T20:41:43Z
178,Fully-configurable,"Balistreri, Turner and Kreiger",8327,2012-07-30T03:57:28Z
179,background,"Adams, Konopelski and Gulgowski",4912,2004-08-08T15:11:39Z
180,moratorium,Daugherty-Stanton,6569,2013-11-24T11:27:49Z
181,capacity,West Inc,1051,2001-12-22T11:39:41Z
182,Up-sized,Kunze-Gibson,7340,2001-07-16T14:05:15Z
183,Expanded,"Kunde, Hessel and Lueilwitz",4064,2010-03-07T02:43:41Z
184,open system,Nienow Inc,3387,2011-11-11T08:53:19Z
185,3rd generation,"Rath, Leuschke and Murazik",9948,2015-11-07T23:21:47Z
186,info-mediaries,Bruen-Kessler,9639,2004-02-14T20:53:50Z
187,paradigm,Funk-Satterfield,3250,2007-02-19T00:04:41Z
188,cohesive,Kirlin Group,2172,2007-12-04T02:43:07Z
189,initiative,Waters-Torp,2880,2018-09-12T16:31:08Z
190,De-engineered,"Koelpin, Prosacco and Berge",1876,2007-03-07T07:26:40Z
191,context-sensitive,Connelly-Trantow,7934,2021-03-04T06:16:05Z
192,strategy,MacGyver and Sons,6555,2006-06-05T12:39:49Z
193,firmware,Luettgen and Sons,2672,2016-02-21T19:14:08Z
194,parallelism,Robel-Boyle,4027,2009-06-17T08:29:06Z
195,Diverse,Stanton-Auer,7037,2019-10-20T03:35:01Z
196,Assimilated,Stanton Group,8159,2020-12-21T15:07:30Z
197,methodical,"Glover, Grady and Quitzon",3341,2018-01-05T14:15:26Z
198,Operative,Smith and Sons,2073,1999-09-12T21:34:43Z
199,cohesive,Towne Group,3011,2019-10-12T13:59:45Z
200,dedicated,"Williamson, Grant and Purdy",3454,2010-01-28T12:19:17Z
201,3rd generation,"Runolfsson, Miller and Hamill",4535,2007-06-06T22:51:59Z
202,Digitized,"Schmitt, Von and Beier",5701,2010-04-26T12:07:34Z
203,Decentralized,Wunsch-King,4992,2014-02-07T09:11:15Z
204,system-worthy,"Emmerich, Hyatt and Murphy",9959,2009-08-14T15:33:08Z
205,knowledge base,"Johns, Blick and Nienow",1099,2004-10-19T16:13:12Z
206,attitude,"McCullough, Lockman and Hermiston",8534,2019-08-22T10:38:24Z
207,monitoring,Fritsch-Stroman,4750,2000-10-31T16:38:56Z
208,instruction set,Pagac LLC,1792,2020-11-14T04:49:30Z
209,solution,"Waters, Marquardt and Roberts",5585,2013-04-03T14:44:11Z
210,Persevering,Hills LLC,5322,2017-11-11T23:38:06Z
211,Pre-emptive,"Runolfsson, Keebler and Reichel",6735,2004-06-10T21:13:56Z
212,Multi-tiered,Kutch Group,1041,2011-02-18T04:52:09Z
213,structure,"Zemlak, Becker and Von",8971,2011-11-01T20:41:57Z
214,encryption,"Beer, Kertzmann and Rau",1003,2009-05-29T14:56:30Z
215,extranet,"Zulauf, Collins and Bogisich",1049,2017-08-18T06:21:41Z
216,Enterprise-wide,"Bartell, DuBuque and Mitchell",2135,2018-04-04T23:33:45Z
217,3rd generation,"Bins, Koepp and Sipes",5531,2000-04-25T00:05:01Z
218,Progressive,Swaniawski-Grimes,7487,2008-05-03T16:11:42Z
219,implementation,Yundt Inc,7833,2004-02-20T21:09:10Z
220,open architecture,Weber Inc,453,2018-12-15T14:30:11Z
221,maximized,Feil and Sons,5265,2003-02-23T21:09:10Z
222,user-facing,Bayer-Daniel,5782,2000-05-01T15:30:43Z
223,Profit-focused,Lueilwitz and Sons,4217,1999-05-03T14:09:57Z
224,projection,Gibson and Sons,4925,2020-06-08T11:23:58Z
225,Self-enabling,Hilll Inc,7365,2005-09-02T14:54:05Z
226,coherent,Corkery-Cormier,3939,2007-03-06T07:05:24Z
227,conglomeration,Jaskolski Group,8339,2019-02-15T06:31:10Z
228,Assimilated,Parker and Sons,3495,2013-04-15T07:10:49Z
229,matrices,Prosacco-Veum,4532,2019-01-22T23:30:11Z
230,Cloned,Paucek-Renner,5207,2006-08-14T02:59:40Z
231,zero defect,Windler-Zieme,8797,2010-02-11T21:06:28Z
232,Cloned,Conn-Kihn,3742,2017-03-19T12:44:42Z
233,zero administration,Adams Group,4597,2011-09-06T14:47:55Z
234,infrastructure,"Ferry, Langworth and Dach",1927,2004-09-01T14:33:37Z
235,eco-centric,"Brown, Emmerich and Jacobson",8451,2016-08-05T05:26:00Z
236,methodology,Gibson Inc,5875,2012-08-19T16:38:40Z
237,groupware,Feil-Abbott,8813,2007-01-11T06:01:46Z
238,hierarchy,Feil Inc,6135,2004-09-08T08:12:43Z
239,hub,Reilly-Jast,7435,2018-12-13T08:05:45Z
240,Networked,Kerluke-Bogisich,5599,2010-09-03T12:15:33Z
241,actuating,DuBuque LLC,6177,2003-10-31T17:52:37Z
242,Centralized,"Sipes, Mohr and Hilll",7677,2009-04-14T05:25:05Z
243,Vision-oriented,Heaney and Sons,5231,2010-04-05T20:27:06Z
244,optimal,"Lueilwitz, Keeling and Hayes",8692,2014-06-16T05:25:13Z
245,flexibility,Mertz-Effertz,9323,2011-11-13T18:32:21Z
246,Public-key,Blick-Kshlerin,8792,2005-04-02T14:10:33Z
247,product,"Schulist, Fay and Abernathy",2463,2003-01-09T17:05:23Z
248,productivity,Batz-Gusikowski,5138,2020-07-17T01:42:24Z
249,reciprocal,Marquardt LLC,7043,2001-05-07T16:05:59Z
250,transitional,Fritsch Inc,2561,2003-01-28T10:23:44Z
251,projection,MacGyver Group,9652,2012-09-20T19:31:53Z
252,Multi-layered,Gusikowski-Blanda,7978,2012-08-08T00:39:17Z
253,paradigm,Beer Group,5244,2012-08-12T01:57:02Z
254,complexity,Hartmann LLC,6123,2002-12-26T14:08:41Z
255,pricing structure,"Glover, Farrell and Flatley",5944,2012-08-02T14:50:45Z
256,actuating,Fritsch and Sons,4292,2005-03-16T03:45:15Z
257,real-time,Effertz and Sons,1649,2005-12-09T14:00:35Z
258,client-server,Bins-Abernathy,7283,2016-01-13T04:56:09Z
259,middleware,"Mann, Goodwin and Morar",1113,2014-12-13T18:20:39Z
260,Object-based,"Rosenbaum, Harvey and Lebsack",7430,2007-09-20T12:07:19Z
261,analyzer,Blick Group,9509,2020-01-31T12:01:13Z
262,dedicated,Quigley and Sons,4855,2009-11-23T16:11:21Z
263,implementation,Abernathy Inc,1429,2009-01-24T19:36:39Z
264,strategy,"Bartoletti, Watsica and Witting",4481,2009-07-25T03:14:46Z
265,installation,"Cartwright, Skiles and Armstrong",7097,2005-05-01T10:36:10Z
266,Function-based,Lynch-Schinner,4689,2008-02-18T03:21:00Z
267,matrices,"Morar, Wilderman and Mueller",6979,2013-04-12T15:23:00Z
268,info-mediaries,Aufderhar Inc,8126,2018-12-31T05:42:01Z
269,Multi-channelled,"Monahan, Lehner and Lockman",1448,2003-06-01T21:45:36Z
270,solution,"Bartoletti, Nicolas and Cole",3113,2011-01-12T16:02:34Z
271,dedicated,"Williamson, Nitzsche and Runolfsson",6598,2016-01-24T08:18:48Z
272,Digitized,"Hauck, Ratke and Thompson",7199,2012-05-22T22:11:48Z
273,Multi-channelled,Kuhlman-Hartmann,9776,2013-08-27T18:40:50Z
274,Compatible,"Hegmann, Wilderman and Braun",490,2019-09-17T21:18:23Z
275,hub,Powlowski-Roberts,18,2012-12-31T10:51:24Z
276,next generation,"Hagenes, Pollich and Sporer",4984,2008-10-20T15:43:14Z
277,toolset,"Blick, Jacobi and Nitzsche",5736,2014-06-25T10:29:58Z
278,secured line,Braun-Lehner,508,2006-10-31T08:09:27Z
279,intranet,"Lowe, Klocko and Langworth",4200,2005-04-17T10:41:01Z
280,parallelism,Bartoletti Group,5197,2012-10-04T00:18:19Z
281,framework,Rodriguez-Effertz,5759,2011-04-01T15:56:29Z
282,matrices,Streich-Gerlach,6271,2003-03-13T04:38:34Z
283,protocol,Hudson-Kessler,365,2018-03-22T21:55:26Z
284,monitoring,Halvorson-Schinner,6353,2020-02-26T19:06:50Z
285,throughput,Pfeffer-Reichel,6031,2007-06-13T17:50:26Z
286,logistical,Nicolas-Gerlach,8494,2013-09-12T14:40:14Z
287,cohesive,Miller-Hessel,4426,2011-08-18T14:14:37Z
288,adapter,Leuschke-Corwin,9203,2017-05-15T14:14:11Z
289,system-worthy,Walker Group,1676,2000-05-05T05:57:39Z
290,utilisation,"Parker, Murazik and Deckow",9176,2002-04-03T11:32:09Z
291,value-added,"Weber, Schmeler and Johnson",8830,2011-04-04T03:59:52Z
292,forecast,Erdman-Wilderman,4075,2000-05-12T02:28:10Z
293,matrix,Bode-Rolfson,7838,2009-08-26T08:14:55Z
294,Ergonomic,Jacobson Group,5594,2011-01-02T00:22:09Z
295,transitional,Leuschke and Sons,9906,2003-01-06T09:52:35Z
296,core,DuBuque-Witting,3358,2000-11-11T13:11:49Z
297,Graphic Interface,"Smith, Pfannerstill and Legros",2125,2006-04-06T02:16:56Z
298,infrastructure,Klein-Hartmann,1323,2019-12-28T04:00:04Z
299,multi-tasking,Weissnat-Ullrich,8194,2002-01-26T06:49:59Z
300,zero administration,Hodkiewicz and Sons,2428,2008-07-05T06:42:03Z
301,Innovative,"Lubowitz, Hartmann and Balistreri",3433,2020-07-14T00:46:47Z
302,Reverse-engineered,Johnson Inc,9127,2011-11-25T04:35:53Z
303,Fundamental,"Weissnat, Stiedemann and Murray",9359,2015-09-01T03:49:02Z
304,zero defect,"Konopelski, Schuster and Blanda",7570,2009-11-14T03:52:05Z
305,Total,Sauer-Schroeder,5053,2018-09-08T23:03:52Z
306,model,Luettgen-Stroman,7697,2017-05-14T20:53:10Z
307,zero administration,Braun LLC,370,2002-12-02T20:57:35Z
308,support,Wunsch-Ortiz,4009,2009-09-10T02:17:04Z
309,discrete,"Smith, Turner and Sanford",367,2011-03-11T00:03:27Z
310,optimal,"Dach, Daugherty and DuBuque",2346,1999-04-15T06:58:33Z
311,matrices,Lehner and Sons,2662,2018-09-06T13:42:13Z
312,support,"Dach, Dickens and Littel",9967,2000-05-08T14:30:17Z
313,moratorium,"Hickle, Keebler and Wisoky",6544,2019-03-31T23:57:24Z
314,orchestration,"Bruen, Murray and Feil",489,2007-04-20T01:17:40Z
315,workforce,"Johns, Crist and Gutmann",5777,2002-03-22T00:27:05Z
316,actuating,"Parker, Huels and Willms",7389,2015-07-10T03:29:21Z
317,methodology,Raynor and Sons,6851,2012-08-16T21:33:51Z
318,parallelism,"Kemmer, Kohler and Howell",6577,2010-09-22T00:30:29Z
319,Switchable,Reichert-Thompson,897,2012-04-18T06:33:19Z
320,success,Rogahn LLC,68,2011-03-20T00:31:34Z
321,zero administration,Waters-Bins,9070,2014-07-29T10:06:08Z
322,process improvement,"Ferry, Hane and Rodriguez",8327,1999-05-11T14:38:03Z
323,Graphical User Interface,"Kihn, Harvey and King",466,2021-02-17T22:02:12Z
324,modular,"Rempel, Thiel and Dietrich",5133,2000-10-24T23:13:53Z
325,product,"Feil, Farrell and Mertz",795,2010-02-27T00:36:36Z
326,intangible,"Hilpert, Paucek and Ankunding",432,2016-11-17T04:32:20Z
327,complexity,Moore-Littel,6436,2010-01-03T09:23:53Z
328,directional,Watsica-Gusikowski,6245,2003-10-23T20:45:39Z
329,bandwidth-monitored,Gleichner-Terry,1039,2010-12-24T06:24:58Z
330,empowering,Stoltenberg and Sons,8683,2015-08-11T08:34:08Z
331,application,Block Group,4520,2010-09-18T02:34:44Z
332,middleware,Douglas Inc,5241,2019-08-18T08:18:18Z
333,implementation,Paucek and Sons,6925,2020-05-30T09:48:54Z
334,Universal,"Mueller, Pagac and Gleichner",4218,2014-03-27T19:53:04Z
335,zero administration,Mohr LLC,3805,2014-10-20T07:14:50Z
336,initiative,Wyman LLC,3248,2001-12-30T06:50:22Z
337,Pre-emptive,Nikolaus-Crona,9040,2017-04-06T19:13:05Z
338,homogeneous,Lubowitz and Sons,1277,2003-03-24T12:27:09Z
339,Virtual,Huels-Walter,8424,2002-10-11T01:56:24Z
340,empowering,Hegmann-Hagenes,9916,2007-03-17T05:59:17Z
341,analyzing,Lynch Group,747,1999-05-05T12:12:27Z
342,internet solution,"O'Connell, Breitenberg and Cruickshank",481,2013-05-09T01:38:57Z
343,Progressive,"Bruen, Stark and Macejkovic",5278,2017-03-10T06:46:40Z
344,concept,"Medhurst, Ankunding and Purdy",6395,1999-09-02T13:05:51Z
345,definition,Trantow-Kilback,7007,2015-04-20T05:10:17Z
346,orchestration,Bosco Group,782,2014-09-17T00:03:27Z
347,Sharable,Bradtke and Sons,9059,2006-12-13T10:43:53Z
348,Customer-focused,"Altenwerth, Frami and Stamm",3937,2016-02-08T12:27:00Z
349,frame,Skiles-Hauck,7409,2002-01-14T00:24:38Z
350,core,Quigley Group,6312,2004-11-21T09:19:17Z
351,systematic,"Heller, Ondricka and Predovic",2845,2004-02-07T11:50:13Z
352,implementation,"Kulas, Torphy and Schultz",5264,2019-03-16T05:01:45Z
353,Triple-buffered,Wilkinson Inc,2096,2000-03-03T11:00:38Z
354,holistic,"Schultz, Wilderman and Hessel",57,2002-04-21T02:34:52Z
355,content-based,Bergstrom and Sons,5950,2019-11-17T16:41:17Z
356,Persistent,"Pacocha, Kuphal and Jones",6313,2004-05-21T04:25:33Z
357,Open-source,"Yost, Walter and Koelpin",1086,2014-05-28T09:09:25Z
358,didactic,"Hammes, Ankunding and Hackett",6546,2000-03-17T14:26:38Z
359,Streamlined,Effertz Group,8494,2002-01-30T01:51:15Z
360,website,Rutherford Group,849,2001-07-18T07:28:26Z
361,adapter,"Botsford, Mohr and Ortiz",6285,2014-01-01T22:02:26Z
362,support,Effertz Inc,8528,2008-03-03T12:05:21Z
363,tangible,Senger-Brakus,8502,2002-06-11T12:11:58Z
364,Team-oriented,Feeney-Bartell,7244,2012-07-17T09:45:47Z
365,needs-based,"Ferry, Durgan and Kshlerin",8702,2013-05-06T19:04:27Z
366,Team-oriented,Heaney and Sons,878,2010-02-21T22:11:28Z
367,Proactive,"Hagenes, Strosin and Schuppe",3829,2020-11-25T00:42:15Z
368,homogeneous,Mayer-Friesen,1891,2009-05-12T11:48:44Z
369,web-enabled,Olson-Ebert,7835,2005-09-10T12:55:34Z
370,moderator,Baumbach-Weissnat,1057,2002-11-07T13:21:40Z
371,product,Stiedemann LLC,999,2019-08-29T19:55:46Z
372,Exclusive,Koss-Maggio,1817,2010-11-24T22:36:05Z
373,Reduced,Herzog LLC,1060,2014-01-29T00:08:52Z
374,utilisation,Hodkiewicz Group,800,2003-07-10T05:36:51Z
375,5th generation,Sanford LLC,4751,2002-02-28T07:39:39Z
376,help-desk,Romaguera-Crooks,7262,2010-07-31T16:01:19Z
377,Organized,Crist and Sons,5202,2014-10-23T16:28:26Z
378,empowering,Hamill-Effertz,2074,2011-10-18T09:48:11Z
379,Cross-group,Block-Kuphal,8836,2000-06-04T17:30:47Z
380,methodical,"Romaguera, Yost and Littel",8038,2017-01-03T10:10:49Z
381,Expanded,Smitham Inc,2348,2019-06-09T04:40:52Z
382,time-frame,"Waelchi, Lockman and Stark",6408,2016-12-16T02:25:26Z
383,user-facing,Klocko-Schaefer,994,2017-05-24T20:38:23Z
384,homogeneous,Nienow LLC,884,2017-12-30T06:01:09Z
385,initiative,Lakin Inc,1371,2002-12-04T11:22:41Z
386,Graphic Interface,Miller-Gottlieb,7763,2009-11-29T17:30:53Z
387,full-range,Towne-Lueilwitz,786,2004-07-30T13:30:19Z
388,uniform,"Conroy, Wehner and Hermann",7269,2000-05-22T04:30:23Z
389,challenge,"Hettinger, Mann and Rippin",639,2018-07-08T09:35:24Z
390,task-force,"Berge, Rempel and McCullough",2695,2015-02-18T19:15:04Z
391,Expanded,"Bosco, Quitzon and Brown",4835,2010-12-25T13:09:52Z
392,interactive,"Bartoletti, Kutch and O'Reilly",3210,1999-06-01T19:16:26Z
393,framework,Howe-Schuppe,6237,2017-08-07T15:47:23Z
394,superstructure,"Steuber, Bahringer and Keebler",4012,2002-08-12T09:21:44Z
395,extranet,Labadie LLC,793,2020-02-05T21:34:07Z
396,exuding,Gutmann-Veum,5881,2003-11-26T04:27:08Z
397,Triple-buffered,Torphy-Kuvalis,8894,2016-09-15T03:21:44Z
398,methodology,Luettgen and Sons,4356,2017-08-16T09:26:01Z
399,radical,Grant-Ratke,6119,2004-09-27T08:00:26Z
400,Networked,"Corwin, Kuphal and Abbott",5622,2017-02-06T12:30:10Z
401,fault-tolerant,"Nicolas, Senger and Ebert",6592,2008-04-15T14:57:07Z
402,flexibility,Lind-Torp,9571,2006-01-16T21:03:36Z
403,hardware,"Mueller, Rogahn and Towne",4582,2001-07-05T14:43:30Z
404,Object-based,"Schuster, Gutmann and Bashirian",6583,2008-04-02T05:51:43Z
405,explicit,Jenkins-Beatty,2717,2002-08-13T19:59:44Z
406,Operative,Collins LLC,8680,2012-10-27T08:37:19Z
407,object-oriented,"Kuhn, Considine and Shanahan",9209,1999-05-24T19:47:54Z
408,zero defect,Hintz-Harber,575,2011-08-28T21:23:41Z
409,contextually-based,Daniel Group,8283,2009-04-04T10:16:33Z
410,mission-critical,"Wilkinson, Beer and Stanton",8923,2008-02-03T21:00:33Z
411,regional,Eichmann-Connelly,1672,2015-06-25T16:40:06Z
412,real-time,Batz LLC,9380,2006-06-01T05:51:02Z
413,adapter,Medhurst LLC,5693,2007-05-18T09:42:11Z
414,Secured,Auer-Kreiger,4806,2020-02-21T20:09:09Z
415,Enhanced,"Heidenreich, Harris and Carroll",8288,2002-05-02T04:35:20Z
416,holistic,"Hodkiewicz, Swaniawski and Rohan",4449,2014-09-09T21:54:29Z
417,Total,Volkman-Waelchi,4464,2017-03-29T21:59:09Z
418,human-resource,"Kilback, Schoen and Feest",8621,2007-11-07T16:58:34Z
419,Phased,Luettgen Inc,2906,2017-02-20T02:02:39Z
420,circuit,Wiza LLC,3175,2009-12-23T09:46:52Z
421,Public-key,"McLaughlin, Hartmann and Sporer",4214,2013-08-09T13:59:13Z
422,Seamless,"Frami, Volkman and Armstrong",7557,2010-01-15T21:22:36Z
423,encompassing,"Wintheiser, Ledner and Reynolds",3497,2005-02-11T14:32:09Z
424,tertiary,Flatley-Lindgren,9161,2004-10-31T23:04:02Z
425,migration,Terry-Reilly,5245,2017-12-27T19:54:38Z
426,uniform,Jenkins-Goldner,9168,2007-06-28T03:50:28Z
427,clear-thinking,Paucek and Sons,2053,2002-11-07T01:10:04Z
428,Automated,"Daniel, Howe and MacGyver",7486,2000-10-01T15:03:39Z
429,Cross-platform,Krajcik-Moore,7920,2004-03-30T13:29:10Z
430,Pre-emptive,Torp Group,1458,2007-03-05T13:13:27Z
431,Pre-emptive,Friesen-Leuschke,625,2002-01-01T10:22:41Z
432,hub,"Cartwright, Feest and Bartell",3199,2014-12-21T16:24:22Z
433,Cross-platform,Hyatt-Hodkiewicz,5860,2017-08-17T04:35:42Z
434,User-friendly,"Bernhard, Welch and Cole",9894,2013-02-25T16:31:08Z
435,circuit,"Howell, Zulauf and Beatty",3948,2014-05-27T08:31:16Z
436,Cloned,"Nitzsche, Crona and Daugherty",9036,2005-09-12T23:40:56Z
437,Up-sized,Wolff-Stark,4919,2016-08-17T13:55:06Z
438,content-based,"Feest, Armstrong and Fritsch",6184,2007-12-11T17:24:45Z
439,upward-trending,Murray-Kemmer,6874,2005-07-14T12:39:11Z
440,internet solution,Ward LLC,6972,2021-02-03T12:59:23Z
441,analyzer,"Gusikowski, Schowalter and Lowe",7215,2020-02-04T09:59:57Z
442,Automated,"Volkman, Runolfsdottir and Rosenbaum",6325,2013-08-14T23:22:03Z
443,Synchronised,Wintheiser-Hyatt,9488,2004-09-14T16:54:26Z
444,Total,Purdy LLC,3770,1999-07-26T07:49:25Z
445,open system,Von LLC,3183,2005-07-03T13:50:57Z
446,hybrid,Schaden Group,4916,2009-05-31T02:36:46Z
447,Visionary,Will Group,7763,2009-05-14T14:05:59Z
448,core,"Oberbrunner, Trantow and Crooks",5416,2011-06-09T21:22:00Z
449,Multi-channelled,"Jast, Senger and Muller",9065,2019-10-08T10:24:01Z
450,upward-trending,"Greenfelder, Klein and Nikolaus",1509,2015-08-07T11:15:33Z
451,superstructure,Larkin-Smith,6903,2003-07-06T05:53:40Z
452,hybrid,Schultz Inc,2481,2007-08-26T15:05:58Z
453,Visionary,Spinka-Watsica,5468,2016-02-21T14:10:57Z
454,encoding,Corwin-Eichmann,4692,2018-03-23T12:19:52Z
455,fresh-thinking,"Daugherty, Wolf and Funk",8048,2020-03-30T03:00:31Z
456,Balanced,"Herman, Brown and Kunde",1189,2005-04-14T12:27:18Z
457,time-frame,Stamm Group,7004,2006-07-31T23:45:36Z
458,Mandatory,"Kuvalis, Schmidt and Gibson",6193,2010-06-20T07:36:27Z
459,Organized,Anderson Inc,7568,2010-11-04T20:15:11Z
460,encoding,Feest and Sons,2388,2013-09-03T15:40:17Z
461,modular,Pfannerstill and Sons,5883,2010-12-13T23:57:30Z
462,algorithm,"Dare, Mosciski and Fay",8311,2002-04-04T00:22:58Z
463,initiative,"Daniel, Brekke and Muller",5597,2015-08-08T05:47:22Z
464,Mandatory,Boyle-Kuhn,6112,2019-04-21T10:31:23Z
465,capability,Corkery-Raynor,4386,2020-07-24T23:16:29Z
466,Function-based,Pacocha-Hodkiewicz,7058,2000-02-04T22:42:11Z
467,neutral,"Bednar, Feil and Kreiger",8838,2009-05-28T21:30:15Z
468,Automated,"Hills, Harber and Rau",5950,2004-04-04T14:34:19Z
469,local area network,Torp-Considine,7180,2013-05-25T23:14:20Z
470,incremental,Boyle-Wintheiser,2481,2017-09-02T00:29:01Z
471,optimizing,"Nikolaus, Metz and Gutmann",4823,2018-02-24T01:50:33Z
472,radical,Hilpert and Sons,4663,2006-10-29T02:15:41Z
473,challenge,Kris LLC,2495,2014-02-01T10:45:15Z
474,firmware,McKenzie LLC,8844,2005-03-22T06:33:18Z
475,user-facing,Block LLC,215,2018-07-15T23:52:40Z
476,background,"Lindgren, Walter and Daugherty",4439,2017-01-24T11:04:37Z
477,capability,"Kihn, Bayer and Lynch",8920,2000-01-20T01:02:39Z
478,definition,Adams LLC,901,2018-03-13T06:20:26Z
479,Multi-layered,Von Inc,5166,2020-12-05T05:28:18Z
480,adapter,Nicolas Inc,2990,2004-06-08T10:37:07Z
481,systematic,"Wuckert, Donnelly and Purdy",5004,2001-06-11T21:04:14Z
482,multi-state,Reinger-Donnelly,5690,2018-02-14T19:49:24Z
483,zero administration,"Carroll, Hand and Mann",7789,2003-07-11T03:00:47Z
484,methodical,"Lesch, Von and Kautzer",6047,2005-06-28T10:13:31Z
485,model,"Bahringer, Grady and Orn",1174,2005-06-21T20:03:41Z
486,Optimized,Considine-Ryan,3838,2018-07-26T02:43:42Z
487,Polarised,Ratke Group,3446,2002-04-27T22:58:42Z
488,value-added,Auer and Sons,1298,2000-06-04T04:41:48Z
489,approach,Bergnaum LLC,667,2004-01-17T03:40:31Z
490,infrastructure,Grant-Volkman,1538,2003-10-12T18:20:46Z
491,6th generation,Heller-Gutkowski,6717,2016-05-11T22:28:54Z
492,Monitored,Fisher and Sons,2657,2005-11-17T15:45:55Z
493,Vision-oriented,Keebler-Armstrong,6824,2011-01-14T23:54:05Z
494,Enhanced,Altenwerth-Schowalter,6883,2008-04-11T23:56:39Z
495,concept,Feil LLC,1455,2009-05-05T12:16:39Z
496,Customizable,Wiza LLC,1712,2000-05-04T02:28:59Z
497,demand-driven,Bernhard Inc,1749,2009-07-04T20:40:24Z
498,Up-sized,Skiles Inc,4009,2008-11-22T11:57:53Z
499,artificial intelligence,Bernhard Inc,6665,2004-01-04T07:57:07Z
500,mobile,Beahan and Sons,4662,2004-04-11T10:07:07Z
501,support,"Dickens, Macejkovic and Nienow",3793,2012-11-12T02:25:05Z
502,coherent,"Kautzer, Wolf and Rutherford",6684,2013-07-24T11:05:52Z
503,Configurable,Hoppe LLC,6242,2007-12-06T06:26:36Z
504,ability,"O'Reilly, Barrows and Cummings",598,2013-04-07T22:53:59Z
505,approach,Muller-Howell,5876,2010-10-14T12:45:55Z
506,fresh-thinking,Langworth and Sons,279,2014-08-09T22:47:30Z
507,open architecture,Bradtke Inc,4733,2020-05-10T15:30:23Z
508,Total,Jaskolski-Jerde,1376,2014-11-08T03:52:11Z
509,moderator,"Leuschke, Halvorson and Morar",1528,2010-03-15T12:23:07Z
510,workforce,"Roberts, Schultz and Schimmel",3250,2014-08-29T08:24:42Z
511,forecast,Durgan LLC,8027,2000-11-03T19:56:20Z
512,orchestration,Gutmann Group,6236,2018-08-31T23:58:33Z
513,Quality-focused,Considine-Christiansen,1528,2006-06-20T23:07:42Z
514,demand-driven,Bogan-Rowe,7499,2016-08-13T08:05:17Z
515,eco-centric,Murphy-Sauer,9012,2013-09-05T09:40:22Z
516,value-added,Renner Group,1921,2013-11-09T20:43:01Z
517,function,"Daugherty, Ebert and Weber",3572,2017-07-21T06:43:14Z
518,Function-based,Paucek-Morar,927,2013-04-22T01:43:15Z
519,protocol,"Baumbach, Pfeffer and Pollich",9612,2017-09-18T11:59:53Z
520,Compatible,"Walsh, Emmerich and Lubowitz",6295,1999-11-08T10:28:54Z
521,paradigm,Kulas LLC,9021,2018-11-16T08:16:56Z
522,encompassing,Denesik and Sons,6765,2001-03-13T17:30:35Z
523,archive,Konopelski-Schamberger,2162,2002-12-13T02:58:22Z
524,interactive,Cole LLC,4110,2016-10-01T19:25:53Z
525,radical,D'Amore-Keeling,9308,2020-05-25T15:04:42Z
526,dedicated,Armstrong-Jaskolski,8422,2014-12-28T08:51:45Z
527,Centralized,"Kulas, Hettinger and Maggio",2114,2007-07-15T08:21:40Z
528,analyzing,Will and Sons,4521,2016-04-09T16:32:30Z
529,initiative,"Wuckert, Toy and Lynch",3281,2005-04-17T19:29:35Z
530,knowledge user,Lemke Inc,5112,2008-10-01T09:43:29Z
531,directional,Rolfson and Sons,302,2012-07-14T14:38:59Z
532,Public-key,Stark-Bahringer,5298,2006-05-04T01:52:26Z
533,scalable,"King, Kulas and Jerde",5710,2011-07-19T23:46:25Z
534,hierarchy,Heathcote-Lockman,8484,2007-09-27T07:53:56Z
535,Realigned,"Ernser, Strosin and Wolf",3457,2018-02-09T07:54:46Z
536,success,Willms Group,6988,2014-01-25T22:22:13Z
537,empowering,"Sauer, Schamberger and Emard",880,2005-06-25T16:03:46Z
538,Balanced,Schulist-Hane,3443,2015-09-28T16:11:51Z
539,Customizable,"Gislason, Crooks and Purdy",2563,2013-02-07T23:08:39Z
540,User-centric,Roberts-Abshire,556,2020-09-14T11:56:43Z
541,circuit,"Corkery, Russel and Koch",221,2004-07-22T03:33:58Z
542,Seamless,"Christiansen, Balistreri and Jacobs",3321,2007-05-02T09:13:42Z
543,6th generation,Sanford LLC,3534,2014-05-26T05:45:32Z
544,fresh-thinking,Stiedemann Inc,3512,2015-10-28T11:01:29Z
545,interface,"Tillman, Harris and Green",7339,2004-02-29T04:32:28Z
546,intangible,Hintz Inc,6733,2019-12-31T01:03:27Z
547,Phased,Hills-Conn,1090,2002-11-17T16:41:15Z
548,Implemented,Russel LLC,9177,2012-09-29T18:08:36Z
549,Enhanced,"Wilkinson, Funk and Howell",8274,2006-01-18T13:43:20Z
550,emulation,Spencer-Daniel,480,2001-02-12T04:51:09Z
551,radical,"Kassulke, Rempel and O'Hara",8853,2003-07-31T20:52:15Z
552,Synergized,Barrows-Olson,23,2019-11-25T07:21:15Z
553,motivating,Gutkowski-Stehr,2386,2017-03-08T12:01:26Z
554,Robust,Yundt-Pollich,974,2002-12-26T04:48:16Z
555,encryption,Leannon Group,8337,2012-01-29T13:07:45Z
556,Function-based,Wilderman-Reilly,5654,2019-09-07T12:08:31Z
557,leading edge,Weissnat-Kuhlman,6997,2000-02-29T05:40:29Z
558,array,Bergstrom and Sons,8286,2001-04-03T20:42:50Z
559,coherent,Runolfsdottir Group,1835,2013-09-27T23:01:58Z
560,modular,Schuster and Sons,117,2002-06-12T19:41:15Z
561,process improvement,Torp-Rutherford,6144,2011-08-06T22:54:13Z
562,toolset,Osinski-Murphy,876,2008-11-26T05:21:50Z
563,high-level,Konopelski Group,60,2007-08-27T17:42:22Z
564,24/7,Donnelly-Cronin,872,2001-12-09T05:18:02Z
565,context-sensitive,Leannon-Bartell,2522,2014-07-24T03:35:15Z
566,model,Cruickshank Inc,5497,2016-06-07T20:51:22Z
567,regional,Howe-Bauch,5794,2008-12-30T19:23:44Z
568,architecture,Senger Inc,7204,2001-08-05T23:35:42Z
569,contingency,Hilll-Littel,9966,2004-02-19T01:44:16Z
570,incremental,Pfeffer-Jakubowski,6690,2007-03-08T09:13:22Z
571,time-frame,"Erdman, Bayer and Bailey",8882,2013-04-03T14:30:43Z
572,interface,"Hand, DuBuque and Nienow",74,2012-09-30T14:08:16Z
573,leverage,"Crooks, Feest and Hayes",5611,2017-04-07T14:45:12Z
574,circuit,Howell-Boyer,8415,2000-05-12T05:14:01Z
575,6th generation,Abshire-Carter,9235,1999-03-17T04:44:18Z
576,Multi-lateral,"DuBuque, Hauck and Gulgowski",1055,2001-07-15T03:38:27Z
577,Automated,Torphy-Miller,4957,2013-08-30T11:50:34Z
578,heuristic,Wisoky-Hudson,299,2007-10-28T07:22:18Z
579,Organic,"Brakus, Zboncak and Dickinson",4194,2010-05-06T06:26:43Z
580,application,Johnston and Sons,1634,2001-08-09T14:46:38Z
581,multi-state,"Cremin, VonRueden and Conroy",1100,2003-11-03T00:38:12Z
582,local,"Hartmann, Lesch and Powlowski",9754,2013-01-19T08:04:37Z
583,modular,Zulauf-Lind,2642,2003-07-15T03:16:43Z
584,explicit,"Mante, Wintheiser and Abbott",2004,2000-05-19T18:50:03Z
585,3rd generation,"Leffler, Buckridge and Boyle",3337,2018-06-11T19:47:47Z
586,mission-critical,"Shanahan, Stroman and Runolfsson",1194,2009-01-27T23:08:42Z
587,content-based,Stehr and Sons,3368,2011-10-21T07:27:54Z
588,solution,Kris Group,2301,2016-09-19T18:56:38Z
589,intranet,"Hermiston, Kerluke and Homenick",7308,2019-11-01T17:25:56Z
590,collaboration,Muller-Bogan,5524,2015-04-26T12:36:19Z
591,model,"Cassin, Robel and Vandervort",7287,2001-04-24T07:45:23Z
592,projection,"Conn, Bayer and Vandervort",61,2006-09-24T14:26:31Z
593,solution,Nienow LLC,4377,2001-03-21T07:30:20Z
594,Organic,Nitzsche Inc,7552,2006-10-19T03:34:17Z
595,real-time,Beer-Jerde,9591,2011-08-16T13:54:20Z
596,leverage,Muller-Cronin,578,2009-03-17T07:42:19Z
597,bandwidth-monitored,Willms Inc,9233,2020-06-22T04:44:46Z
598,Networked,Schiller Inc,536,2000-08-18T10:41:15Z
599,open system,Wyman-Ruecker,2653,2019-07-05T03:52:16Z
600,logistical,Batz LLC,885,2002-06-14T14:00:14Z
601,User-centric,Cummings Group,4913,2007-01-23T22:43:30Z
602,middleware,Koepp-Rohan,5489,2020-10-19T16:38:02Z
603,policy,Mayer LLC,1888,2019-11-30T20:27:31Z
604,Synchronised,"Heller, Crooks and Simonis",7181,2011-10-21T10:53:33Z
605,Operative,Feest-Abbott,250,2004-05-16T01:58:51Z
606,firmware,"Bartoletti, Swaniawski and Smitham",1698,2019-08-13T03:23:24Z
607,flexibility,Schuster LLC,3343,2009-09-18T07:27:41Z
608,policy,Funk-Thompson,2438,2018-04-10T10:22:46Z
609,Multi-channelled,Jerde Group,5129,2013-11-29T15:43:27Z
610,clear-thinking,O'Reilly and Sons,8231,2000-01-26T01:30:03Z
611,multimedia,Wisoky-Hauck,4502,2016-10-14T18:11:26Z
612,high-level,"Schinner, Parker and Wehner",3386,2008-06-28T14:37:12Z
613,asymmetric,"Beatty, Hodkiewicz and Reilly",8619,2014-09-18T18:06:01Z
614,initiative,"Gerhold, Treutel and Leannon",3567,2020-07-03T18:55:24Z
615,synergy,"Lang, Labadie and McLaughlin",7041,2020-09-25T12:19:04Z
616,composite,"Herzog, Hettinger and Schmidt",9669,2016-01-06T00:55:21Z
617,ability,Ruecker-Homenick,2289,2015-03-28T00:07:53Z
618,middleware,Doyle Group,8576,1999-05-11T05:32:21Z
619,forecast,"Sporer, Frami and Greenholt",6023,2014-10-19T14:52:22Z
620,demand-driven,"Harris, Gusikowski and Casper",2676,2010-06-03T03:05:38Z
621,demand-driven,Rolfson Inc,985,2018-12-30T09:57:09Z
622,tertiary,Pagac-Russel,3046,2011-09-23T12:55:08Z
623,radical,Wolff-Ullrich,6229,2003-11-27T18:13:28Z
624,coherent,Schulist-Haley,8797,2018-04-09T15:28:42Z
625,6th generation,"Powlowski, Wolf and Bailey",3771,2019-08-19T10:37:05Z
626,adapter,Stanton-Flatley,7843,2020-06-22T00:02:11Z
627,focus group,Glover and Sons,9098,2019-04-06T20:59:40Z
628,Compatible,"Glover, Maggio and Crist",882,2002-11-24T07:06:42Z
629,secondary,Frami Inc,9869,2008-05-26T13:41:15Z
630,secondary,Rodriguez-Torphy,7755,2015-08-12T09:14:32Z
631,logistical,Auer LLC,6545,2009-05-19T23:16:05Z
632,concept,Wehner-Fritsch,66,2000-01-11T19:59:42Z
633,Triple-buffered,"O'Reilly, Howell and Hackett",7993,2002-08-22T02:21:58Z
634,methodical,"O'Reilly, Marks and Kassulke",7988,2004-09-21T18:28:05Z
635,6th generation,Jerde LLC,1965,2009-08-01T02:58:07Z
636,portal,"Price, Kreiger and Mayert",6383,2008-05-20T10:10:54Z
637,paradigm,Hane-Johnson,4114,1999-04-09T15:26:58Z
638,zero defect,"Boyle, Marquardt and Marquardt",2325,1999-08-16T11:25:44Z
639,synergy,Mosciski-Langosh,426,2010-09-16T13:41:48Z
640,logistical,"Mann, Crooks and Flatley",6002,2008-03-15T15:15:01Z
641,architecture,Klein-Satterfield,5908,1999-10-06T05:41:06Z
642,Open-architected,"Abbott, Carter and Rath",6680,2011-11-05T07:06:48Z
643,fresh-thinking,"Hilpert, Murray and Murazik",795,2010-06-25T09:17:37Z
644,Organic,Goodwin LLC,4957,2002-10-02T18:40:58Z
645,well-modulated,"Reynolds, Schuppe and Hilpert",6179,2001-03-21T23:48:31Z
646,data-warehouse,Howell LLC,2861,2019-11-07T03:02:13Z
647,project,Treutel LLC,6050,2017-06-25T23:37:48Z
648,incremental,Kuhic LLC,200,2016-07-11T14:57:11Z
649,knowledge user,Rice-Kilback,4944,2014-06-09T00:54:06Z
650,Reduced,"Kassulke, Stroman and Ondricka",6862,2010-05-27T23:26:53Z
651,initiative,"Stamm, Lockman and Schroeder",6564,2007-11-05T23:21:31Z
652,collaboration,"White, Harris and Marks",2238,2014-11-17T01:04:28Z
653,zero administration,White-Bechtelar,7330,2003-01-28T21:11:30Z
654,Compatible,"Aufderhar, Quitzon and Mills",5550,2006-04-06T20:20:35Z
655,encompassing,Morissette-Hegmann,5948,2000-12-19T08:33:28Z
656,firmware,Schinner and Sons,1390,2008-05-12T08:56:19Z
657,user-facing,Tremblay-Schaden,2896,2016-02-12T11:16:37Z
658,next generation,"Collins, O'Kon and Lockman",5897,2004-06-18T09:35:33Z
659,24 hour,Kassulke-Bednar,8314,2008-03-15T05:46:20Z
660,fresh-thinking,Lind Inc,851,2018-03-22T07:29:15Z
661,4th generation,Roberts-Stanton,7213,2008-11-26T23:01:59Z
662,installation,Legros and Sons,3032,2015-10-16T11:58:57Z
663,bifurcated,"Schneider, Luettgen and Casper",8226,2015-09-10T09:43:03Z
664,forecast,"Hoppe, Howe and Marquardt",537,2013-05-07T03:44:30Z
665,interface,Mayert-Wunsch,49,2014-04-22T12:30:19Z
666,Visionary,Kilback-Bruen,1417,2008-03-19T22:07:17Z
667,open system,Littel-Quitzon,6445,2004-08-13T20:01:10Z
668,systematic,Carter Inc,4546,2010-05-24T07:05:58Z
669,4th generation,Swaniawski Group,5013,2009-10-09T11:52:30Z
670,Phased,Larkin LLC,8043,2002-03-01T20:00:03Z
671,Balanced,"Prohaska, Larson and Haley",2732,2005-02-04T13:25:56Z
672,cohesive,Walker Inc,9635,2016-11-20T20:53:40Z
673,website,Graham and Sons,737,2015-09-02T15:35:24Z
674,web-enabled,"Herman, Kassulke and Kessler",3455,2016-05-11T16:43:21Z
675,matrix,McGlynn Group,7422,2003-12-27T20:17:57Z
676,neural-net,Veum-Kutch,1135,2005-09-12T21:54:28Z
677,forecast,Altenwerth-Gulgowski,2785,2000-11-10T23:04:05Z
678,moderator,"Lakin, Stracke and Crona",6001,2019-08-19T00:11:34Z
679,Implemented,"Hagenes, Sipes and Mayert",3254,2015-03-19T16:34:34Z
680,radical,O'Connell-Cronin,5722,2006-04-12T07:05:25Z
681,Synergistic,Ryan-Nienow,8474,2015-04-16T22:25:19Z
682,Function-based,Schneider and Sons,1733,2002-10-03T14:38:00Z
683,Customer-focused,Kerluke Inc,2586,2019-06-10T08:50:17Z
684,parallelism,Cronin LLC,7110,2002-01-08T09:51:55Z
685,knowledge base,"Hackett, Kirlin and Nienow",5712,2008-03-16T01:12:49Z
686,Implemented,"Haag, Nitzsche and Carter",7849,2013-11-05T01:39:36Z
687,Face to face,Huels Group,4384,2015-07-18T17:50:55Z
688,radical,Zboncak Group,2927,2019-04-09T06:56:58Z
689,interface,Gerhold-Waters,7415,2002-02-28T08:27:12Z
690,analyzing,Reichel and Sons,831,2008-09-09T16:56:00Z
691,bifurcated,"Hudson, Friesen and Prohaska",1045,2007-07-12T17:38:11Z
692,complexity,"Kuhic, Quitzon and Conn",1812,2001-03-11T08:59:03Z
693,even-keeled,Corkery Inc,3151,2013-04-24T01:13:51Z
694,Vision-oriented,Herzog-Jakubowski,341,2011-07-21T05:32:59Z
695,systematic,Cruickshank-Rutherford,902,2019-04-19T16:24:20Z
696,Networked,"Tromp, Heidenreich and Miller",9949,2003-01-19T13:37:00Z
697,paradigm,Braun-Cummerata,6904,2002-06-10T15:50:47Z
698,website,"Fay, Wilkinson and Bauch",9414,2002-04-05T02:27:24Z
699,implementation,Howe-Prohaska,968,2002-11-09T20:00:26Z
700,Grass-roots,Murray Inc,1214,2019-07-15T06:06:06Z
701,bottom-line,McKenzie LLC,6417,2007-10-05T17:13:22Z
702,archive,Heathcote and Sons,8390,2020-04-11T06:40:40Z
703,neural-net,"Abshire, Streich and King",7659,2010-05-30T06:28:22Z
704,tertiary,"Funk, Terry and Schneider",7426,2010-04-27T14:24:16Z
705,De-engineered,"Bosco, Roberts and Heidenreich",3349,2001-04-03T00:09:19Z
706,protocol,Hilpert Inc,2088,2000-11-11T10:35:45Z
707,background,VonRueden Group,8125,2010-08-09T07:19:30Z
708,Quality-focused,"Walsh, Cormier and Rau",5529,2015-07-21T08:09:42Z
709,Organized,"Cronin, Waters and Gottlieb",3398,2018-01-30T12:23:58Z
710,composite,Hermann Inc,882,2008-08-07T19:01:44Z
711,access,"Abbott, Monahan and Hintz",3481,2005-01-11T16:52:05Z
712,encompassing,Rath and Sons,2017,2019-08-19T19:23:11Z
713,circuit,Zemlak and Sons,7381,2016-05-20T13:48:55Z
714,zero administration,"Renner, Brown and Mayert",630,2000-10-08T08:31:50Z
715,Future-proofed,"Pfeffer, Fadel and Hills",7293,2004-07-14T21:01:57Z
716,Operative,Ernser and Sons,8251,2009-10-06T20:05:29Z
717,bottom-line,Aufderhar-Zemlak,5307,2007-12-23T04:49:17Z
718,hybrid,Emard Group,953,1999-07-08T07:54:33Z
719,intranet,Corwin and Sons,5497,2010-06-07T04:24:14Z
720,productivity,White-Senger,2660,2001-05-16T15:25:29Z
721,responsive,Cronin Group,408,2002-03-12T02:06:50Z
722,bandwidth-monitored,"Russel, Brown and O'Conner",4321,2002-01-27T21:15:53Z
723,foreground,"Watsica, Schaefer and Renner",7351,2014-10-25T01:34:39Z
724,client-driven,"Beier, Balistreri and Wisoky",2093,2019-06-28T01:51:41Z
725,Integrated,"Schamberger, Rodriguez and Kilback",389,2007-04-29T10:38:09Z
726,contingency,"Ziemann, Cremin and Orn",7623,2020-12-31T14:28:58Z
727,productivity,Gulgowski LLC,288,2007-09-04T04:53:46Z
728,knowledge user,Kohler LLC,8939,2012-10-07T06:30:10Z
729,protocol,Marks-Lubowitz,4805,2001-02-10T00:51:12Z
730,Extended,Sauer Group,9812,2004-04-21T22:05:02Z
731,Sharable,Nicolas-McCullough,635,2005-08-01T21:40:19Z
732,client-driven,Hermiston LLC,3052,2007-04-02T14:22:00Z
733,demand-driven,Erdman and Sons,3632,2017-11-04T00:06:48Z
734,discrete,"Stamm, Daniel and Cummerata",4741,2016-10-28T19:03:40Z
735,client-server,Gorczany-Von,6981,2013-07-13T09:21:31Z
736,Digitized,Considine and Sons,800,2019-02-22T07:52:18Z
737,architecture,"Maggio, Homenick and Schinner",8277,2000-01-01T00:34:33Z
738,system-worthy,"Mayert, Kuhn and Williamson",168,1999-11-10T13:17:32Z
739,interactive,"Nienow, Bernier and Bogisich",7041,2009-01-26T22:52:01Z
740,Switchable,"Kreiger, Altenwerth and Rath",6384,2016-11-02T21:23:36Z
741,definition,Ortiz LLC,3177,2002-10-30T17:34:57Z
742,Enhanced,Spinka-Becker,4282,2016-09-20T13:57:57Z
743,Proactive,Schumm Inc,7323,2003-03-21T05:56:18Z
744,zero defect,"Graham, Hayes and Sauer",6937,2020-04-11T21:01:05Z
745,interactive,"Abernathy, Ziemann and Trantow",6608,2018-01-09T12:45:05Z
746,Visionary,Breitenberg Group,8318,2018-11-19T13:07:50Z
747,Decentralized,Farrell-Brekke,716,2014-02-24T19:30:58Z
748,hierarchy,Abernathy-Okuneva,280,2017-11-18T17:49:04Z
749,user-facing,"Crist, Johnston and Harber",5922,2020-07-13T06:51:35Z
750,regional,"Schamberger, Pollich and DuBuque",5312,2009-05-24T04:05:01Z
751,Grass-roots,Denesik LLC,1526,2007-08-22T20:23:19Z
752,Graphical User Interface,Fadel Inc,7515,2011-07-12T17:47:59Z
753,alliance,Bosco Inc,8188,2019-09-03T11:30:02Z
754,pricing structure,Corkery-Gulgowski,8025,2014-03-25T22:40:48Z
755,coherent,Casper-Deckow,1043,2019-08-21T14:54:17Z
756,Multi-layered,Beatty-Rodriguez,3577,2020-06-11T19:15:40Z
757,Sharable,Lang-Langworth,2656,2019-01-21T00:12:53Z
758,motivating,"Erdman, Lehner and Stamm",7430,2014-10-24T04:43:32Z
759,Sharable,"Kuhn, Paucek and Bogisich",4287,2001-04-27T23:38:12Z
760,logistical,Berge Inc,2332,2016-03-26T16:35:01Z
761,complexity,"Nolan, Rolfson and Gutkowski",5239,2009-07-26T09:52:44Z
762,flexibility,"Friesen, Lemke and Murray",1128,2017-04-15T16:25:43Z
763,background,Wunsch-Jaskolski,4212,2014-06-24T13:41:46Z
764,Self-enabling,Cartwright-Nitzsche,9227,2019-09-26T03:21:05Z
765,Enhanced,"Kris, Gleichner and Beer",2447,2014-04-30T01:22:13Z
766,mission-critical,"Leffler, Rogahn and Gulgowski",2088,2012-03-07T02:28:21Z
767,non-volatile,Sauer Inc,890,1999-05-23T09:50:38Z
768,time-frame,Schultz Group,9343,2012-04-28T19:27:52Z
769,throughput,Vandervort-Hagenes,1327,2015-01-12T21:31:05Z
770,tangible,Kulas-Daniel,9132,2013-07-29T21:51:13Z
771,zero administration,Hand-Mueller,4661,2017-10-10T07:38:44Z
772,Front-line,"Oberbrunner, Turner and Daniel",6846,2009-02-27T09:28:13Z
773,intangible,"Greenfelder, Cummings and Von",9651,2013-09-17T14:38:50Z
774,productivity,Reilly-Wuckert,5372,2012-03-01T12:39:21Z
775,Function-based,"Lemke, Medhurst and Langworth",4255,2003-12-21T05:24:15Z
776,Synergized,Ziemann Group,7529,2017-12-23T14:09:09Z
777,Reduced,Zieme LLC,8493,2010-09-26T00:59:44Z
778,Compatible,Batz Group,5838,2020-03-04T18:31:54Z
779,analyzing,Murphy LLC,7942,2011-06-20T14:11:33Z
780,intranet,Runte-Stokes,4240,2008-12-04T19:20:17Z
781,solution,"Baumbach, Okuneva and Feil",8249,2011-08-09T07:51:43Z
782,Monitored,Conroy-Barton,5398,1999-12-25T17:02:28Z
783,Open-architected,Hessel Group,2169,2005-07-24T03:16:15Z
784,Open-source,"Kertzmann, Funk and Howell",2088,2001-01-07T12:22:05Z
785,capacity,"Heidenreich, Weber and Altenwerth",7509,2015-02-01T13:35:20Z
786,eco-centric,Bogan-Mertz,1685,2000-07-12T11:02:28Z
787,Reactive,Gaylord-Hammes,8204,2007-09-03T07:58:10Z
788,service-desk,"Greenfelder, Crooks and Streich",5508,2018-05-17T07:21:59Z
789,tangible,Baumbach Group,9453,2016-07-26T11:14:47Z
790,Expanded,"Crist, Heller and Goldner",2620,2017-01-21T18:15:15Z
791,Multi-tiered,Williamson-Rohan,8560,2015-01-23T01:22:07Z
792,fault-tolerant,Runte and Sons,4686,2004-07-02T05:48:23Z
793,Visionary,Wolf-Jacobs,8287,2002-07-29T19:48:48Z
794,Future-proofed,Mraz-Stamm,4445,1999-04-28T22:35:34Z
795,implementation,Volkman-Nader,6099,2015-01-22T07:24:46Z
796,Multi-lateral,Collins Group,8078,2011-10-24T04:09:42Z
797,client-driven,"Monahan, Mohr and Effertz",5238,2010-04-20T05:27:57Z
798,database,"Konopelski, Rempel and Wisoky",4538,2020-10-27T20:17:35Z
799,Self-enabling,Botsford-Witting,9024,2016-05-25T06:48:06Z
800,Networked,Romaguera-Wiza,2205,2005-02-18T20:48:35Z
801,transitional,"Halvorson, Strosin and O'Reilly",736,2018-08-24T12:42:37Z
802,synergy,Kuhic and Sons,3187,2006-04-15T08:07:59Z
803,capability,Hahn-Gorczany,2705,2001-05-17T11:16:04Z
804,holistic,Bosco-Kuhn,6412,2019-07-27T14:51:38Z
805,Reactive,Barrows Group,2502,2018-06-10T23:44:43Z
806,maximized,Fay and Sons,7943,2015-04-13T15:25:07Z
807,Function-based,"Kreiger, Crist and Altenwerth",4072,2000-03-10T19:18:36Z
808,solution,Parisian Group,78,2010-03-26T19:58:19Z
809,Right-sized,"King, Bergnaum and Harber",5733,2013-11-24T07:15:24Z
810,Automated,Schimmel and Sons,8445,2000-02-07T04:34:35Z
811,Ergonomic,Mills-Turcotte,1042,2010-09-08T20:00:22Z
812,responsive,Pagac LLC,1479,2003-09-18T01:20:07Z
813,Optimized,"Metz, Wisozk and Bradtke",3177,2003-09-21T08:40:23Z
814,database,Weissnat LLC,1494,2004-04-26T00:51:43Z
815,attitude,Hauck-Hirthe,6206,2010-05-25T19:01:19Z
816,algorithm,Wyman-Hintz,4861,2015-12-10T10:26:19Z
817,Implemented,Braun Inc,680,2018-11-10T21:38:27Z
818,Compatible,Hagenes Inc,9923,2017-02-04T15:17:39Z
819,Right-sized,"Kassulke, Reichel and Harber",8035,2019-03-07T15:06:16Z
820,leverage,Schroeder LLC,3123,2015-09-14T01:18:01Z
821,infrastructure,Jacobi Inc,9957,2000-06-26T08:09:08Z
822,Enterprise-wide,O'Keefe and Sons,4550,2005-07-25T02:25:48Z
823,web-enabled,"Mueller, Collins and Medhurst",2919,2014-03-08T04:29:48Z
824,maximized,"Stroman, Upton and Cassin",3730,2010-10-16T17:34:18Z
825,collaboration,Lebsack LLC,5107,2002-10-16T19:03:48Z
826,Fully-configurable,"Effertz, McKenzie and Nienow",2787,2010-11-04T11:53:06Z
827,web-enabled,Stamm-Witting,1176,1999-06-24T15:32:04Z
828,Face to face,Balistreri Group,1090,2012-12-14T23:00:48Z
829,Implemented,Lakin-Kling,9588,2003-03-19T23:28:11Z
830,product,Halvorson and Sons,3078,2001-09-19T03:19:06Z
831,Devolved,Hoppe LLC,1933,2018-07-07T12:43:56Z
832,implementation,Torp-Nolan,625,2014-11-06T13:38:28Z
833,Adaptive,Kuhn Group,4256,2017-01-07T10:12:47Z
834,user-facing,Morar and Sons,8642,2004-08-13T00:36:06Z
835,orchestration,O'Conner-Kreiger,1337,2019-07-05T19:17:35Z
836,holistic,Weimann and Sons,3870,2006-01-10T11:55:22Z
837,attitude-oriented,Heathcote-Waters,9222,2001-01-28T15:08:54Z
838,application,"Koelpin, Lehner and Wilkinson",3238,2013-08-01T23:28:10Z
839,algorithm,Morissette-Ritchie,9923,2015-10-27T09:33:43Z
840,interactive,"Gottlieb, Carter and Kulas",9381,2019-08-15T18:02:45Z
841,system-worthy,Blick Group,7023,1999-03-14T06:29:37Z
842,project,Mosciski LLC,3944,1999-06-10T17:20:00Z
843,Balanced,Zulauf-Keeling,3108,2012-07-10T21:03:58Z
844,global,"Friesen, Ebert and Olson",1180,2019-10-13T06:22:19Z
845,time-frame,"Rodriguez, Konopelski and Johnston",9983,2012-09-17T23:51:44Z
846,didactic,Stark-McClure,3988,2013-11-05T04:02:24Z
847,Optional,Nolan LLC,4699,2018-06-19T23:10:00Z
848,productivity,Altenwerth-Kohler,3086,2011-07-07T17:04:21Z
849,array,Christiansen Group,5942,1999-10-13T06:38:25Z
850,tertiary,"Huels, Emmerich and Daugherty",3623,2013-04-16T17:03:32Z
851,web-enabled,"Bode, Rohan and Kilback",8872,2001-10-04T20:38:06Z
852,utilisation,Stanton Group,7163,2015-04-09T05:10:19Z
853,radical,"Schaden, Connelly and Baumbach",7890,2007-07-13T09:58:57Z
854,User-centric,Schimmel and Sons,6763,2018-12-20T00:21:52Z
855,Business-focused,Bechtelar Group,5565,2011-11-09T21:44:20Z
856,Business-focused,Reinger Inc,3559,2018-01-16T15:19:09Z
857,optimal,Braun-Bogan,8756,2007-02-26T10:20:04Z
858,well-modulated,"Turcotte, Ferry and Leffler",25,2010-03-28T03:10:32Z
859,impactful,Cummerata-Huel,262,2007-04-10T09:21:21Z
860,Networked,"Lind, Altenwerth and Schroeder",4573,2011-04-20T01:55:12Z
861,Networked,Corwin-Kertzmann,9735,2008-07-29T16:46:18Z
862,bandwidth-monitored,Herman-Dickinson,8542,2014-05-02T20:20:31Z
863,utilisation,Hoppe-Daniel,6092,2015-08-15T23:58:23Z
864,Realigned,Lynch-Johnston,3281,2008-08-24T20:14:02Z
865,bottom-line,Walsh-Gerhold,3951,2001-06-17T04:58:41Z
866,stable,"Trantow, Murazik and Hackett",1166,2001-02-08T09:56:47Z
867,Graphical User Interface,Grimes Group,4336,2020-07-02T17:54:12Z
868,coherent,Greenfelder Group,7315,2003-12-31T11:55:38Z
869,dedicated,Hammes Group,4016,2001-12-11T09:33:41Z
870,Advanced,"Daugherty, O'Hara and Sipes",4685,2014-12-02T16:28:34Z
871,Automated,"Berge, Marvin and Mertz",5905,1999-05-27T18:30:33Z
872,orchestration,Runolfsson-Roberts,9683,2015-11-04T17:47:54Z
873,Switchable,Collier Group,2989,2013-06-15T11:33:52Z
874,4th generation,Hackett Inc,3482,2004-10-23T05:33:54Z
875,encryption,Schmidt Group,5587,2010-04-16T14:01:45Z
876,multimedia,Feest Group,9172,2011-05-31T21:36:17Z
877,Multi-channelled,Fritsch and Sons,9171,2016-03-09T20:35:01Z
878,Universal,Mohr-Zieme,4019,2000-04-17T05:34:04Z
879,success,Batz Inc,1215,2005-06-27T15:07:26Z
880,moratorium,"McClure, Bartell and Kling",1722,2000-06-18T13:42:04Z
881,object-oriented,"Swift, Lind and Bartell",6824,2012-12-05T19:55:44Z
882,interface,Stark Inc,4256,2013-09-18T01:31:31Z
883,dynamic,Breitenberg-Abbott,3862,2020-03-07T21:19:41Z
884,attitude,"Carroll, Schowalter and Hudson",8181,2016-07-09T11:54:18Z
885,multi-state,"Hudson, Larkin and Hammes",7279,2001-10-27T00:20:40Z
886,systematic,Bergstrom Inc,6912,2007-04-07T18:29:30Z
887,project,Wintheiser Group,9444,2010-05-23T14:17:18Z
888,moderator,Moore LLC,9733,2004-12-25T13:07:09Z
889,secondary,Rau Inc,4373,2010-02-02T02:29:10Z
890,Profit-focused,Block LLC,5507,2007-05-20T00:38:26Z
891,paradigm,Koch and Sons,4723,2018-09-16T21:51:20Z
892,transitional,Fay Group,8848,2008-08-05T13:36:57Z
893,Multi-channelled,"Osinski, Hodkiewicz and Runte",8796,2019-03-11T15:09:04Z
894,workforce,"Bode, Reynolds and Kuhic",951,2012-10-13T21:33:25Z
895,incremental,Medhurst Inc,7620,2012-12-01T13:54:32Z
896,systematic,"Ritchie, Kohler and Corkery",3885,2001-02-11T16:44:18Z
897,Right-sized,"Nicolas, Rowe and Erdman",9099,2005-02-11T16:10:16Z
898,firmware,Pagac-Treutel,4559,2019-01-08T10:03:03Z
899,project,"Labadie, Prosacco and Wisozk",132,2013-05-05T15:02:32Z
900,policy,White Inc,5431,2019-11-13T03:22:21Z
901,leading edge,Kiehn Inc,5087,2009-09-12T01:06:15Z
902,Total,Schroeder Group,8474,2019-07-04T12:00:02Z
903,Multi-layered,"Gislason, Mraz and Stanton",9386,2010-03-08T22:45:01Z
904,customer loyalty,Roberts and Sons,7454,2006-03-30T17:44:19Z
905,heuristic,Blanda-Pacocha,1073,2006-04-07T12:50:33Z
906,neutral,Mertz Group,9936,2016-08-12T22:50:30Z
907,firmware,"Cummerata, Franecki and Gerlach",6610,2019-06-11T00:00:44Z
908,Enhanced,"Labadie, VonRueden and Hamill",1443,2014-06-07T19:27:56Z
909,conglomeration,Runte-Blanda,2006,2020-09-28T15:56:22Z
910,optimizing,Block and Sons,1683,2017-11-14T08:33:21Z
911,zero administration,Thiel and Sons,3821,2006-06-11T23:09:57Z
912,Synergized,Beahan-Wisoky,7116,2017-12-18T13:52:44Z
913,mission-critical,"Veum, Sanford and Kihn",8855,2004-02-27T23:14:32Z
914,analyzer,"Jones, Cormier and Hackett",2450,2018-01-19T15:09:57Z
915,Multi-lateral,Morar-Collier,7786,2009-03-04T10:31:42Z
916,capability,"Bogan, Ledner and Smith",1676,2011-04-28T17:50:45Z
917,mobile,Ankunding and Sons,6594,2010-05-14T02:43:02Z
918,info-mediaries,Gerlach-Corwin,4581,2009-05-28T07:35:11Z
919,extranet,"Cole, Moore and Haag",5397,2000-11-19T01:18:43Z
920,Versatile,Runte-Padberg,8496,2012-09-27T06:12:51Z
921,contingency,Beatty-Quitzon,9504,2012-06-04T07:35:42Z
922,background,Lesch-Halvorson,6867,2020-05-16T18:11:34Z
923,Universal,Hoeger-Grimes,4799,2008-05-02T04:36:09Z
924,empowering,Swift LLC,8896,2013-08-14T17:53:42Z
925,function,Bins-DuBuque,5228,1999-09-22T03:04:27Z
926,maximized,Becker LLC,8343,2010-10-20T03:10:48Z
927,attitude,Bins-Herman,7580,2006-11-17T13:25:34Z
928,neutral,Toy-Grant,6666,2001-04-12T12:17:53Z
929,definition,Thiel and Sons,3202,2016-06-10T05:32:51Z
930,Triple-buffered,Ankunding LLC,4865,2008-05-13T23:27:54Z
931,Switchable,Runolfsson Inc,8469,2005-01-18T01:46:09Z
932,attitude,Towne LLC,375,2004-07-04T11:59:38Z
933,hierarchy,"Schuster, Hickle and Heathcote",3013,2003-07-22T02:11:17Z
934,process improvement,"Gorczany, Quigley and Durgan",6129,2009-03-29T03:23:05Z
935,project,Hodkiewicz and Sons,193,1999-09-06T15:01:04Z
936,customer loyalty,O'Keefe and Sons,1439,2014-08-04T00:53:48Z
937,Customer-focused,Grant Inc,8999,2005-06-02T09:52:04Z
938,Monitored,"Hackett, Kiehn and Gulgowski",5419,2019-08-21T04:14:44Z
939,knowledge user,Brown-Abernathy,5045,2018-08-12T13:22:26Z
940,support,"Hauck, Hettinger and Gleichner",9108,2002-02-20T20:31:45Z
941,firmware,Boyer and Sons,8043,2005-05-01T23:08:19Z
942,orchestration,Bode-O'Keefe,4731,2017-04-27T02:17:41Z
943,value-added,"Buckridge, Bashirian and Nolan",5955,2000-06-07T17:45:17Z
944,motivating,Armstrong-Funk,6626,2010-07-12T13:11:12Z
945,Secured,Smitham and Sons,3380,2013-08-22T05:20:01Z
946,benchmark,Dooley-Bartell,6713,2004-11-04T23:30:05Z
947,framework,"Thiel, Klocko and McKenzie",4151,2002-02-09T07:01:41Z
948,encoding,"Simonis, Rice and Collins",7584,2003-01-27T05:27:10Z
949,service-desk,Hilpert-Marquardt,2283,2018-11-23T16:52:46Z
950,Re-engineered,Bosco and Sons,2719,2018-11-24T19:59:09Z
951,client-server,"Lowe, Kilback and Russel",4830,2008-10-04T03:23:35Z
952,Operative,Dietrich-Jacobi,4283,2005-11-26T12:38:13Z
953,Open-architected,Grady Inc,6258,2006-08-23T03:42:59Z
954,Adaptive,Gutmann-Wisoky,466,2010-07-23T15:53:20Z
955,attitude-oriented,"Zulauf, Quitzon and Mayert",9827,1999-05-07T14:50:40Z
956,bifurcated,Schroeder-McClure,660,2012-04-17T05:33:19Z
957,heuristic,Lind-Roob,7937,2017-02-25T08:21:39Z
958,Multi-channelled,Nikolaus-Lesch,4237,2019-12-22T14:17:43Z
959,mobile,Bahringer-Klein,5767,2002-10-21T18:38:34Z
960,Inverse,"Quigley, Orn and McDermott",8868,2001-12-24T04:09:55Z
961,Up-sized,"DuBuque, Borer and Shanahan",3946,2000-12-02T08:39:16Z
962,emulation,"Terry, Stanton and Block",4811,2012-03-18T04:43:23Z
963,Universal,"Block, Pouros and Hoppe",6809,2008-09-09T06:39:07Z
964,Function-based,Farrell-Kuphal,2031,2010-09-15T13:50:53Z
965,emulation,Daugherty-Cremin,3994,2008-01-25T13:33:17Z
966,bandwidth-monitored,Christiansen-Schiller,7277,2006-02-12T17:14:19Z
967,Centralized,Dach Inc,6088,2014-06-08T20:46:12Z
968,zero defect,"Grady, Kerluke and Corwin",5854,2007-07-17T04:14:47Z
969,process improvement,Lakin-Torp,6699,2005-05-07T10:45:57Z
970,encompassing,Grimes and Sons,5782,2009-04-13T09:45:01Z
971,analyzer,Bartoletti-Lindgren,5432,2013-12-16T13:17:57Z
972,national,Considine LLC,6672,2013-08-10T06:58:56Z
973,open system,Bergnaum-Beahan,7952,2000-08-02T18:13:26Z
974,methodical,Rohan-Heller,7564,2003-06-17T16:57:58Z
975,Distributed,"Zboncak, Gerlach and Walker",2001,2003-07-09T00:21:49Z
976,infrastructure,Hills-McKenzie,2576,2016-05-02T13:14:13Z
977,middleware,"Metz, Erdman and Thompson",5699,2014-10-19T14:04:58Z
978,coherent,"Lakin, Mosciski and White",1933,2020-07-11T12:48:33Z
979,Visionary,Pacocha and Sons,8005,2015-07-05T22:05:15Z
980,flexibility,Kris Inc,6784,2015-12-08T19:52:49Z
981,transitional,Abbott Group,5800,2004-04-12T16:02:51Z
982,explicit,Kuhlman-Rice,2240,2007-06-07T18:24:28Z
983,time-frame,Green LLC,8063,2007-10-17T10:33:56Z
984,analyzer,"Casper, Fahey and Berge",5770,2015-08-18T00:41:40Z
985,Expanded,Pollich and Sons,4105,2017-04-21T06:30:47Z
986,secondary,Hamill-Ullrich,2100,2000-12-23T06:55:30Z
987,Inverse,Smith-Ziemann,71,2014-02-01T03:50:17Z
988,high-level,Emmerich Inc,4926,2003-02-04T08:35:30Z
989,matrix,"Bechtelar, Corwin and Klein",6442,2009-05-29T06:21:16Z
990,didactic,Hodkiewicz Group,7647,2009-06-21T08:11:38Z
991,web-enabled,"Okuneva, Kirlin and Littel",3425,2018-12-26T13:50:39Z
992,regional,"Breitenberg, Schiller and Wisoky",1421,2021-03-07T19:11:47Z
993,24 hour,"Crona, Bednar and Gleichner",6397,2010-04-03T21:56:14Z
994,Optimized,Kuvalis LLC,7229,2018-10-26T06:59:06Z
995,methodology,Kris and Sons,2828,2013-01-08T09:14:39Z
996,Synchronised,Bernier-Leannon,8550,2017-07-07T00:29:45Z
997,dedicated,Bruen and Sons,1259,2004-01-18T14:28:48Z
998,instruction set,"Rogahn, Waters and Metz",4589,2003-03-20T14:04:33Z
999,migration,"Schneider, Bins and Ward",6789,2020-07-25T11:15:05Z
1000,infrastructure,"Gleason, Schultz and Aufderhar",213,2001-06-28T19:30:16Z
